# 21.11.02. JDBC-1ì¼ì°¨

## contentsğŸ“‘

* [JDBCì„¸íŒ…](##JDBC-ì„¸íŒ…)
* 

## JDBC ì„¸íŒ…[ğŸ“‘](##contents)

1. eclipse ì—´ê¸° - file - switch workspace - jdbcWorkspace ë””ë ‰í† ë¦¬ ì„¤ì •
2. open perspective - javaë¡œ ì„¸íŒ…
3. window - preferences - General í™•ì¥ í›„ - Workspace íƒ­ - Text file encodingì—ì„œ Other : UTF-8

## JAVA Environment

#### `JDBC`ëŠ” `2tier` ê¸°ìˆ 

* DAO : Database Access Object
* DAOImpl

![ìë°”í™˜ê²½](./image/1102-01.png)

## Database ì¢…ë¥˜

| ì •í˜•DB<br />ê´€ê³„í˜• ë°ì´í„°ë² ì´ìŠ¤      | MySQL(ì¡°ê¸ˆ ë” ìœ ì—°, í†µê³„í•¨ìˆ˜ê°€ ì˜ ë˜ì–´ìˆìŒ), Oracle, MS SQL<br />(sql ë¬¸ë²•ì„ ê³µìœ )<br />MariaDB (ê°„ë‹¨í•˜ê³  êµ‰ì¥íˆ ê°€ë²¼ì›€.) |
| ------------------------------------ | ------------------------------------------------------------ |
| ë¹„ì •í˜•DB<br />ì´ë¯¸ì§€ íŒŒì¼, ì†Œë¦¬ ë“±ë“± | `MongoDB(NoSQL)` - ë¹…ë°ì´í„° ì˜í–¥                             |

![](./image/1102-02.png)

* ë°ì´í„° ë² ì´ìŠ¤ ë³´ê¸°

```mysql
mysql> show databases;
+--------------------+
| Database           |
+--------------------+
| information_schema |
| mysql              |
| performance_schema |
| sakila             |
| sys                |
| world              |
+--------------------+
6 rows in set (0.01 sec)
```

* ë°ì´í„°ë² ì´ìŠ¤ê°€ 6ê°œ

* mysql ì‚¬ìš©

```mysql
mysql> use mysql;
Database changed
```

![](./image/1102-03.png)

* ë°ì´í„°ë² ì´ìŠ¤ ìƒì„±

```mysql
mysql> Create database scott;
Query OK, 1 row affected (0.00 sec)

mysql> show databases;
+--------------------+
| Database           |
+--------------------+
| information_schema |
| mysql              |
| performance_schema |
| sakila             |
| scott              |
| sys                |
| world              |
+--------------------+
7 rows in set (0.00 sec)
```

* scott database ì‚¬ìš©

```mysql
mysql> use scott;
Database changed
```

* í…Œì´ë¸” ë§Œë“¤ê¸°.
  *  `source` : ë§Œë“¤ì–´ë†“ì€ ì¿¼ë¦¬ë¬¸ì„ í•œë²ˆì— ë¡œë”©í•˜ëŠ” ëª…ë ¹ì–´

```mysql
mysql> source C:\Users\kimminsung\OneDrive\miracom_institute\miracom_javaEduSummary\miracom_edu\util\scott.sql
Query OK, 0 rows affected, 1 warning (0.05 sec)

Query OK, 0 rows affected, 1 warning (0.01 sec)

Query OK, 4 rows affected (0.00 sec)
Records: 4  Duplicates: 0  Warnings: 0

Query OK, 0 rows affected, 1 warning (0.03 sec)

Query OK, 14 rows affected (0.00 sec)
Records: 14  Duplicates: 0  Warnings: 0

ERROR 1064 (42000): You have an error in your SQL syntax; check the manual that corresponds to your MySQL server version for the right syntax to use near 'NULLempno
) ENGINE=InnoDB DEFAULT CHARSET=utf8' at line 4
ERROR 1146 (42S02): Table 'scott.salgrade' doesn't exist
Query OK, 14 rows affected (0.05 sec)
Records: 14  Duplicates: 0  Warnings: 0
```

* `desc` : í…Œì´ë¸”ì˜ êµ¬ì¡°ë¥¼ í•œë²ˆì— ë³´ëŠ” ëª…ë ¹ì–´

```mysql
mysql> desc emp;
+----------+-------------+------+-----+---------+-------+
| Field    | Type        | Null | Key | Default | Extra |
+----------+-------------+------+-----+---------+-------+
| EMPNO    | int(11)     | NO   | PRI | NULL    |       |
| ENAME    | varchar(10) | YES  |     | NULL    |       |
| JOB      | varchar(9)  | YES  |     | NULL    |       |
| MGR      | int(11)     | YES  |     | NULL    |       |
| HIREDATE | datetime    | YES  |     | NULL    |       |
| SAL      | double      | YES  |     | NULL    |       |
| COMM     | double      | YES  |     | NULL    |       |
| DEPTNO   | int(11)     | YES  | MUL | NULL    |       |
+----------+-------------+------+-----+---------+-------+
8 rows in set (0.00 sec)

mysql> desc dept;
+--------+-------------+------+-----+---------+-------+
| Field  | Type        | Null | Key | Default | Extra |
+--------+-------------+------+-----+---------+-------+
| DEPTNO | int(11)     | NO   | PRI | NULL    |       |
| DNAME  | varchar(14) | YES  |     | NULL    |       |
| LOC    | varchar(13) | YES  |     | NULL    |       |
+--------+-------------+------+-----+---------+-------+
3 rows in set (0.00 sec)
```

* `SELECT` : í…Œì´ë¸”ì˜ ë°ì´í„° ë¶ˆëŸ¬ì˜¤ê¸°

```mysql
mysql> SELECT * FROM emp;
+-------+--------+-----------+------+---------------------+------+------+--------+
| EMPNO | ENAME  | JOB       | MGR  | HIREDATE            | SAL  | COMM | DEPTNO |
+-------+--------+-----------+------+---------------------+------+------+--------+
|  7369 | SMITH  | CLERK     | 7902 | 1980-12-17 00:00:00 |  800 | NULL |     20 |
|  7499 | ALLEN  | SALESMAN  | 7698 | 1981-02-20 00:00:00 | 1600 |  300 |     30 |
|  7521 | WARD   | SALESMAN  | 7698 | 1981-02-22 00:00:00 | 1250 |  500 |     30 |
|  7566 | JONES  | MANAGER   | 7839 | 1981-04-02 00:00:00 | 2975 | NULL |     20 |
|  7654 | MARTIN | SALESMAN  | 7698 | 1981-09-28 00:00:00 | 1250 | 1400 |     30 |
|  7698 | BLAKE  | MANAGER   | 7839 | 1981-05-01 00:00:00 | 2850 | NULL |     30 |
|  7782 | CLARK  | MANAGER   | 7839 | 1981-06-09 00:00:00 | 2450 | NULL |     10 |
|  7788 | SCOTT  | ANALYST   | 7566 | 1987-04-19 00:00:00 | 3000 | NULL |     20 |
|  7839 | KING   | PRESIDENT | NULL | 1981-11-17 00:00:00 | 5000 | NULL |     10 |
|  7844 | TURNER | SALESMAN  | 7698 | 1981-09-08 00:00:00 | 1500 |    0 |     30 |
|  7876 | ADAMS  | CLERK     | 7788 | 1987-05-23 00:00:00 | 1100 | NULL |     20 |
|  7900 | JAMES  | CLERK     | 7698 | 1981-12-03 00:00:00 |  950 | NULL |     30 |
|  7902 | FORD   | ANALYST   | 7566 | 1981-12-03 00:00:00 | 3000 | NULL |     20 |
|  7934 | MILLER | CLERK     | 7782 | 1982-01-23 00:00:00 | 1300 | NULL |     10 |
+-------+--------+-----------+------+---------------------+------+------+--------+
14 rows in set (0.00 sec)
```

ì„œë¸Œì¿¼ë¦¬, SELECT ë¬¸ì„ ì˜ ì‚¬ìš©í•´ì•¼í•¨.

![](./image/1102-04.png)

#### `NULL` ì´ ì˜ë¯¸í•˜ëŠ” ê²ƒì€?

1. 0ì„ ì˜ë¯¸í•œë‹¤.
2. ê°’ì´ ì—†ë‹¤.
3. ë‚˜ë¦„ ì˜ë¯¸ê°€ ìˆìŒ. - **ìê²©ì—†ìŒ** / **ë¯¸í™•ì •** ë‘˜ì¤‘ í•˜ë‚˜ì˜ ì˜ë¯¸ë¥¼ ê°€ì§€ê³  ìˆìŒ. 

Kingì€ ì‚¬ì¥ì´ê¸°ë•Œë¬¸ì— MGRì˜ ìê²©ì´ ì—†ìŒ.

ë³´ë„ˆìŠ¤ëŠ” ì˜ì—…ì‚¬ì›ì¸ ê²½ìš°, JOBì—ì„œ ê°ˆë¦¼. - ìê²©ì€ ìˆëŠ”ë°, ì˜ì—…ì„ ëª»í•¨.

ë¶€ì„œê°€ ì˜ì—… ì¸ê²½ìš°ë§Œ ë³´ë„ˆìŠ¤ë¥¼ ë°›ì„ì§€ ì•Œì•„ì•¼ í•¨....

ë¯¸í™•ì •ì¼ ê²½ìš°ëŠ” ì‹ ì…ì‚¬ì› í˜¹ì€ ì¸í„´ì¼ ê²½ìš°,,,

1. ì—°ë´‰ ë­í‚¹?
2. ì…ì‚¬ë…„ë„ê°€ ê°€ì¥ ë¹ ë¥¸ ì‚¬ì›?
3. ì—°ë´‰ì€ ì…ì‚¬ë…„ë„ ìˆœì´ ì•„ë‹ˆë‹¤. ëŠ¥ë ¥ìœ„ì£¼ë‹¤...!
4. Scottì€ ì˜ì…í•´ì™”ë‹¤. -  ë°ì´í„°ë¥¼ ë³¼ì¤„ì•Œì•„ì•¼....

* projection ì›í•˜ëŠ” ì»¬ëŸ¼ ê°’ë§Œ ê°€ì ¸ì˜¤ê¸°.
  * rowëŠ” ê·¸ëŒ€ë¡œì¸ë°, ì»¬ëŸ¼ëª…ë§Œ ì·¨í•´ì„œ ê°€ì ¸ì˜´.

```mysql
mysql> SELECT ename, job, sal, deptno FROM emp;
+--------+-----------+------+--------+
| ename  | job       | sal  | deptno |
+--------+-----------+------+--------+
| SMITH  | CLERK     |  800 |     20 |
| ALLEN  | SALESMAN  | 1600 |     30 |
| WARD   | SALESMAN  | 1250 |     30 |
| JONES  | MANAGER   | 2975 |     20 |
| MARTIN | SALESMAN  | 1250 |     30 |
| BLAKE  | MANAGER   | 2850 |     30 |
| CLARK  | MANAGER   | 2450 |     10 |
| SCOTT  | ANALYST   | 3000 |     20 |
| KING   | PRESIDENT | 5000 |     10 |
| TURNER | SALESMAN  | 1500 |     30 |
| ADAMS  | CLERK     | 1100 |     20 |
| JAMES  | CLERK     |  950 |     30 |
| FORD   | ANALYST   | 3000 |     20 |
| MILLER | CLERK     | 1300 |     10 |
+--------+-----------+------+--------+
14 rows in set (0.00 sec)
```

* ì´ ë°˜ëŒ€ê°€ `SELECTION` : ì¡°ê±´ì„ ë¶€ì—¬í•´ì„œ ì›í•˜ëŠ” ROWë§Œ ê°€ì ¸ì˜¤ëŠ” ê²ƒ.

```mysql
mysql> SELECT * FROM emp
    -> WHERE deptno=10;
+-------+--------+-----------+------+---------------------+------+------+--------+
| EMPNO | ENAME  | JOB       | MGR  | HIREDATE            | SAL  | COMM | DEPTNO |
+-------+--------+-----------+------+---------------------+------+------+--------+
|  7782 | CLARK  | MANAGER   | 7839 | 1981-06-09 00:00:00 | 2450 | NULL |     10 |
|  7839 | KING   | PRESIDENT | NULL | 1981-11-17 00:00:00 | 5000 | NULL |     10 |
|  7934 | MILLER | CLERK     | 7782 | 1982-01-23 00:00:00 | 1300 | NULL |     10 |
+-------+--------+-----------+------+---------------------+------+------+--------+
3 rows in set (0.00 sec)
```

* ë¶€ì„œ ë²ˆí˜¸ê°€ 10ë²ˆì¸ rowë§Œ ê°€ì ¸ì˜¤ê¸°

#### [ë¬¸ì œ] Emp í…Œì´ë¸”ì—ì„œ, ì—…ë¬´ê°€ ì˜ì—…ì‚¬ì›ì¸ ì‚¬ì›ì„ ê²€ìƒ‰í•˜ëŠ”ë° ì´ë•Œ ì‚¬ì›ë²ˆí˜¸, ì´ë¦„, ì—…ë¬´, ê¸‰ì—¬ë§Œ ì¶œë ¥ë˜ë„ë¡ ì¿¼ë¦¬ë¬¸ì„ ì‘ì„±í•˜ì‹œì˜¤.

```mysql
mysql> SELECT empno, ename, job, sal FROM emp
    -> WHERE job='SALESMAN';
+-------+--------+----------+------+
| empno | ename  | job      | sal  |
+-------+--------+----------+------+
|  7499 | ALLEN  | SALESMAN | 1600 |
|  7521 | WARD   | SALESMAN | 1250 |
|  7654 | MARTIN | SALESMAN | 1250 |
|  7844 | TURNER | SALESMAN | 1500 |
+-------+--------+----------+------+
4 rows in set (0.00 sec)
```

#### [ë¬¸ì œ] í˜„ì¬ emp í…Œì´ë¸”ì—ì„œ ì´ ë¶€ì„œë²ˆí˜¸ê°€ ëª‡ê°œìˆëŠ”ì§€ í™•ì¸í•˜ê³  ì‹¶ìŒ. 

```mysql
mysql> SELECT deptno FROM emp;
+--------+
| deptno |
+--------+
|     10 |
|     10 |
|     10 |
|     20 |
|     20 |
|     20 |
|     20 |
|     20 |
|     30 |
|     30 |
|     30 |
|     30 |
|     30 |
|     30 |
+--------+
14 rows in set (0.00 sec)
```

* ì¤‘ë³µ ì œê±°í• ë•Œ ì“°ëŠ” í‚¤ì›Œë“œ `distinct` (SELECT ì ˆ ë°”ë¡œ ë’¤ì— ë‚˜ì˜´)

```mysql
mysql> SELECT DISTINCT deptno FROM emp;
+--------+
| deptno |
+--------+
|     10 |
|     20 |
|     30 |
+--------+
3 rows in set (0.00 sec)
```

## SQL ê°œìš”

![](./image/1102-05.png)

* ë°ì´í„°ë² ì´ìŠ¤ ìŠ¤í‚¤ë§ˆ ìƒì„±, ìë£Œì˜ ê²€ìƒ‰, ìˆ˜ì • ê·¸ë¦¬ê³  ë°ì´í„°ë² ì´ìŠ¤ ê°ì²´ ì ‘ê·¼ ê´€ë¦¬ë“±ì„ ìœ„í•´ ê³ ì•ˆëœ ì–¸ì–´
* ë‹¤ìˆ˜ì˜ ë°ì´í„°ë² ì´ìŠ¤ ê´€ë ¨ í”„ë¡œê·¸ë¨ì˜ í‘œì¤€ì–¸ì–´
* SQL ëª…ë ¹ì–´ì˜ ì¢…ë¥˜
  * DML(Data Manipuation Language) : ë°ì´í„° ì¡°ì‘ì–´ë¡œ ê²€ìƒ‰ ë° ìˆ˜ì •í•˜ê¸° ìœ„í•œ ìˆ˜ë‹¨ ì œê³µ
    * ê²€ìƒ‰ : SELECT, ì¶”ê°€ : INSERT, ìˆ˜ì • : UPDATE, ì‚­ì œ : DELETE, MERGE
  * DDL(Data Definition Language) : ë°ì´í„° êµ¬ì¡°ë¥¼ ìƒì„±, ë³€ê²½, ì‚­ì œ ë“±ì˜ ê¸°ëŠ¥ì„ ì œê³µ
    * ìƒì„± : CREATE, ALTER, ì‚­ì œ : DROP, RENAME
  * DCL(Data Control Language) : ë°ì´í„°ì— ëŒ€í•œ ê¶Œí•œ ê´€ë¦¬ ë° íŠ¸ëœì­ì…˜ ì œì–´
    * GRANT, REVOKE

### `schema` = `database`

## MySQL workbench

![](./image/1102-06.PNG)

### ë¬¸ì œ 2. EMP í…Œì´ë¸”ì—ì„œ, ì´ë¦„, ì›”ê¸‰, ì—°ë´‰ì„ ì¶œë ¥, ì´ë•Œ ì—°ë´‰ìˆœìœ¼ë¡œ ë‚´ë¦¼ì°¨ìˆœ ì •ë ¬
```mysql
mysql> SELECT ename, sal, sal*12 + comm FROM emp ORDER BY sal*12 + comm DESC;
+--------+------+---------------+
| ename  | sal  | sal*12 + comm |
+--------+------+---------------+
| ALLEN  | 1600 |         19500 |
| TURNER | 1500 |         18000 |
| MARTIN | 1250 |         16400 |
| WARD   | 1250 |         15500 |
| SMITH  |  800 |          NULL |
| JONES  | 2975 |          NULL |
| BLAKE  | 2850 |          NULL |
| CLARK  | 2450 |          NULL |
| SCOTT  | 3000 |          NULL |
| KING   | 5000 |          NULL |
| ADAMS  | 1100 |          NULL |
| JAMES  |  950 |          NULL |
| FORD   | 3000 |          NULL |
| MILLER | 1300 |          NULL |
+--------+------+---------------+
14 rows in set (0.00 sec)
```

![](./image/1102-08.png)

### 2. Alias ë¥¼ ì§€ì • (asë¥¼ ì‚¬ìš©) 

```mysql
mysql> SELECT ename, sal, sal*12 + comm FROM emp ORDER BY sal*12 + comm DESC;
+--------+------+---------------+
| ename  | sal  | sal*12 + comm |
+--------+------+---------------+
| ALLEN  | 1600 |         19500 |
| TURNER | 1500 |         18000 |
| MARTIN | 1250 |         16400 |
| WARD   | 1250 |         15500 |
| SMITH  |  800 |          NULL |
| JONES  | 2975 |          NULL |
| BLAKE  | 2850 |          NULL |
| CLARK  | 2450 |          NULL |
| SCOTT  | 3000 |          NULL |
| KING   | 5000 |          NULL |
| ADAMS  | 1100 |          NULL |
| JAMES  |  950 |          NULL |
| FORD   | 3000 |          NULL |
| MILLER | 1300 |          NULL |
+--------+------+---------------+
14 rows in set (0.00 sec)
```



### 2-2. asë¥¼ ë¹¼ê³ 
```mysql
SELECT ename, sal, sal*12 + comm as "Annual Salary"
FROM emp
ORDER BY sal*12 + comm DESC;
```

### 2-3. ì›ë˜ëŠ” í•œì¹¸ì„ ë„ìš°ê³  ë°”ë¡œ ë³„ì¹­ì„ ë¶™ì´ë©´ ëœë‹¤.
```mysql
```

## nullì˜ ì²˜ë¦¬

![](./image/1102-09.png)

```mysql
mysql> SELECT ename, sal, sal * 12 + ifnull(comm , 0) AnnualSalary FROM emp ORDER BY sal*12 + comm DESC;
+--------+------+--------------+
| ename  | sal  | AnnualSalary |
+--------+------+--------------+
| ALLEN  | 1600 |        19500 |
| TURNER | 1500 |        18000 |
| MARTIN | 1250 |        16400 |
| WARD   | 1250 |        15500 |
| SMITH  |  800 |         9600 |
| JONES  | 2975 |        35700 |
| BLAKE  | 2850 |        34200 |
| CLARK  | 2450 |        29400 |
| SCOTT  | 3000 |        36000 |
| KING   | 5000 |        60000 |
| ADAMS  | 1100 |        13200 |
| JAMES  |  950 |        11400 |
| FORD   | 3000 |        36000 |
| MILLER | 1300 |        15600 |
+--------+------+--------------+
14 rows in set (0.00 sec)
```

## DML

1) INSERT INTO tableëª… VALUES(0,0,0,0);
2) DELETE FROM tableëª… WHERE EMPNO=7768;
	DELETE FROM tableëª…; // tableì˜ ëª¨ë“  ë°ì´í„°ê°€ ë‹¤ ì‚­ì œ...ì£¼ì˜!
3) UPDATE tableëª… SET sal=2000 WHERE ename='SMITH';
4) SELECT * FROM tableëª…; //ëª¨ë“  ë°ì´í„°ë¥¼ ê°€ì ¸ì˜´
	SELECT * FROM tableëª… WHERE deptno=10;

## javaì— ì ìš©

![](./image/1102-10.png)

```mysql
mysql> use scott;
Database changed

mysql> CREATE TABLE custom;
ERROR 1113 (42000): A table must have at least 1 column
```

* ì ì–´ë„ í•˜ë‚˜ì˜ ì»¬ëŸ¼ì´ ìˆì–´ì•¼...

```mysql
mysql> CREATE TABLE custom(
    -> num int primary key,
    -> name varchar(20) not null,
    -> addr varchar(100) not null);
Query OK, 0 rows affected (0.02 sec)
```

* custom í…Œì´ë¸”ì˜ êµ¬ì¡°ë¥¼ ë³´ê³ ì‹¶ë‹¤.

```mysql
mysql> desc custom;
+-------+--------------+------+-----+---------+-------+
| Field | Type         | Null | Key | Default | Extra |
+-------+--------------+------+-----+---------+-------+
| num   | int(11)      | NO   | PRI | NULL    |       |
| name  | varchar(20)  | NO   |     | NULL    |       |
| addr  | varchar(100) | NO   |     | NULL    |       |
+-------+--------------+------+-----+---------+-------+
3 rows in set (0.00 sec)
```

* customí…Œì´ë¸”ì—ì„œ num, name, addrs ì»¬ëŸ¼ì„ ë³´ê³  ì‹¶ë‹¤.

```mysql
mysql> SELECT num, name, addr FROM custom;
Empty set (0.00 sec)
```

* ë°ì´í„°ë¥¼ ë„£ì–´ë³¸ë‹¤.

```mysql
mysql> INSERT INTO custom (num, name, addr) VALUES (111, 'James','NY');
Query OK, 1 row affected (0.00 sec)

mysql> INSERT INTO custom (num, name, addr) VALUES (222, 'Jane','Texas');
Query OK, 1 row affected (0.00 sec)
```

* ë„£ì€ ê²°ê³¼ë¥¼ ë³¸ë‹¤.

```mysql
mysql> SELECT * FROM custom;
+-----+-------+-------+
| num | name  | addr  |
+-----+-------+-------+
| 111 | James | NY    |
| 222 | Jane  | Texas |
+-----+-------+-------+
2 rows in set (0.00 sec)
```

* Janeì˜ ì£¼ì†Œë¥¼ ë‰´ìš•ìœ¼ë¡œ

```mysql
mysql> UPDATE custom SET addr = 'NY' WHERE num=222;
Query OK, 1 row affected (0.00 sec)
Rows matched: 1  Changed: 1  Warnings: 0

mysql> SELECT * FROM custom;
+-----+-------+------+
| num | name  | addr |
+-----+-------+------+
| 111 | James | NY   |
| 222 | Jane  | NY   |
+-----+-------+------+
2 rows in set (0.00 sec)
```

* jane ì‚­ì œ

```mysql
mysql> DELETE FROM custom WHERE num=222;
Query OK, 1 row affected (0.00 sec)

mysql> SELECT * FROM custom;
+-----+-------+------+
| num | name  | addr |
+-----+-------+------+
| 111 | James | NY   |
+-----+-------+------+
1 row in set (0.00 sec)
```

## JDBC

![](./image/1102-11.png)

jre, jdk ë‘ ê³³ libì— ë“œë¼ì´ë²„ jarë¥¼ ë„£ì–´ì•¼í•¨.

DB ì£¼ì†Œ

```java
package jdbc.test1;

import java.sql.Connection;
import java.sql.DriverManager;
import java.sql.SQLException;

/*
 * JDBC 4ë‹¨ê³„ ì‘ì—…
 * 1. ë“œë¼ì´ë²„ ë¡œë”©
 * 2. DBì„œë²„ ì—°ê²°
 * 3. PreparedStatement ìƒì„±
 * 4. ì¿¼ë¦¬ë¬¸ ì‹¤í–‰
 */
public class DBConnectionTest {
	DBConnectionTest(){
		//1. ë“œë¼ì´ë²„ ë¡œë”©...Fully Qualified Class Name
		try {
			Class.forName("com.mysql.cj.jdbc.Driver");
			System.out.println("1. ë“œë¼ì´ë²„ ë¡œë”© ì„±ê³µ...");
			
			//2. DB ì„œë²„ì™€ ì—°ê²° ì‹œì‘
			String url = "jdbc:mysql://127.0.0.1:3306/scott?serverTimezone=UTC&useUnicode=yes&characterEncoding=UTF-8";
			Connection conn = DriverManager.getConnection(url, "root", "1234");
			System.out.println("2. ì„œë²„ ì—°ê²° ì„±ê³µ");
			
		} catch (ClassNotFoundException e) {
			System.out.println("ë“œë¼ì´ë²„ ë¡œë”© ì‹¤íŒ¨...");
			e.printStackTrace();
		} catch(SQLException e) {
			System.out.println("ì„œë²„ ì—°ê²° ì‹¤íŒ¨...");
		}
		
		
	}
	public static void main(String[] args) {
		new DBConnectionTest();
	}

}

```

## JDBC ë“œë¼ì´ë²„ ë¡œë”© - DB ì„œë²„ ì—°ê²°

| Modifier and Type            | Method and Description                                       |
| :--------------------------- | :----------------------------------------------------------- |
| `static void`                | `deregisterDriver(Driver driver)`Removes the specified driver from the `DriverManager`'s list of registered drivers. |
| `static Connection`          | `getConnection(String url)`Attempts to establish a connection to the given database URL. |
| `static Connection`          | `getConnection(String url, Properties info)`Attempts to establish a connection to the given database URL. |
| `static Connection`          | `getConnection(String url, String user, String password)`Attempts to establish a connection to the given database URL. |
| `static Driver`              | `getDriver(String url)`Attempts to locate a driver that understands the given URL. |
| `static Enumeration<Driver>` | `getDrivers()`Retrieves an Enumeration with all of the currently loaded JDBC drivers to which the current caller has access. |
| `static int`                 | `getLoginTimeout()`Gets the maximum time in seconds that a driver can wait when attempting to log in to a database. |
| `static PrintStream`         | `getLogStream()`**Deprecated.** Use `getLogWriter`           |
| `static PrintWriter`         | `getLogWriter()`Retrieves the log writer.                    |
| `static void`                | `println(String message)`Prints a message to the current JDBC log stream. |
| `static void`                | `registerDriver(Driver driver)`Registers the given driver with the `DriverManager`. |
| `static void`                | `registerDriver(Driver driver, DriverAction da)`Registers the given driver with the `DriverManager`. |
| `static void`                | `setLoginTimeout(int seconds)`Sets the maximum time in seconds that a driver will wait while attempting to connect to a database once the driver has been identified. |
| `static void`                | `setLogStream(PrintStream out)`**Deprecated.** Use `setLogWriter` |
| `static void`                | `setLogWriter(PrintWriter out)`Sets the logging/tracing `PrintWriter` object that is used by the `DriverManager` and all drivers. |

| `PreparedStatement` | `prepareStatement(String sql)`Creates a `PreparedStatement` object for sending parameterized SQL statements to the database. |
| ------------------- | ------------------------------------------------------------ |
| `PreparedStatement` | `prepareStatement(String sql, int autoGeneratedKeys)`Creates a default `PreparedStatement` object that has the capability to retrieve auto-generated keys. |
| `PreparedStatement` | `prepareStatement(String sql, int[] columnIndexes)`Creates a default `PreparedStatement` object capable of returning the auto-generated keys designated by the given array. |
| `PreparedStatement` | `prepareStatement(String sql, int resultSetType, int resultSetConcurrency)`Creates a `PreparedStatement` object that will generate `ResultSet` objects with the given type and concurrency. |
| `PreparedStatement` | `prepareStatement(String sql, int resultSetType, int resultSetConcurrency, int resultSetHoldability)`Creates a `PreparedStatement` object that will generate `ResultSet` objects with the given type, concurrency, and holdability. |
| `PreparedStatement` | `prepareStatement(String sql, String[] columnNames)`Creates a default `PreparedStatement` object capable of returning the auto-generated keys designated by the given array. |

| `ResultSet` | `executeQuery()`Executes the SQL query in this `PreparedStatement` object and returns the `ResultSet` object generated by the query. |
| ----------- | ------------------------------------------------------------ |
| `int`       | `executeUpdate()`Executes the SQL statement in this `PreparedStatement` object, which must be an SQL Data Manipulation Language (DML) statement, such as `INSERT`, `UPDATE` or `DELETE`; or an SQL statement that returns nothing, such as a DDL statement. |

* insert ì¿¼ë¦¬

| `ResultSet` | `executeQuery()`Executes the SQL query in this `PreparedStatement` object and returns the `ResultSet` object generated by the query. |
| ----------- | ------------------------------------------------------------ |
| `int`       | `executeUpdate()`Executes the SQL statement in this `PreparedStatement` object, which must be an SQL Data Manipulation Language (DML) statement, such as `INSERT`, `UPDATE` or `DELETE`; or an SQL statement that returns nothing, such as a DDL statement. |

![](./image/1102-12.PNG)

* `ResultSet`

![](./image/1102-13.png)

